acs,species,trt,hyp,int1,int2,int3,int4
LA2580,S. pennellii,H,19.46,2.37,1.59,1.87,0.51
LA1305,S. peruvianum,H,31.28,3.34,0.01,9.19,1.62
LA1973,S. peruvianum,H,56.65,8.43,2.39,6.7,3.69
LA2748,S. chilense,H,35.18,0.56,0,1.6,0.61
LA2931,S. chilense,H,35.32,0.82,0.02,1.49,0.46
LA1317,S. chmielewskii,H,28.74,1.07,6.69,5.72,4.76
LA1918,S. habrochaites,H,33.07,2.85,0.41,3.79,3.25
LA3788,S. pennellii,H,42.13,2.08,0.53,1.9,NA
LA1336,S. peruvianum,H,32.7,5.43,0.81,3.63,2.66
LA3795,S. peruvianum,H,34.32,4.08,3.26,3.49,3.02
LA2773,S. chilense,H,28.22,0.51,0.08,0.57,NA
LA1028,S. chmielewskii,H,29.77,0.11,2.25,5.17,3.21
LA1318,S. chmielewskii,H,32.72,2.75,3.47,2.26,NA
LA1361,S. habrochaites,H,31.53,2.95,3.31,6.91,7.29
LA1928,S. habrochaites,H,41.03,1.69,0.04,3.66,2.54
LA1912,S. pennellii,H,33.64,1.27,1.76,2.36,1.37
LA3791,S. pennellii,H,22.82,0.4,1.31,1.12,NA
LA1474,S. peruvianum,H,48.1,1.97,4.6,5.62,1.62
LA1958,S. chilense,H,51.83,1.75,0.4,1.58,3.12
LA2884,S. chilense,H,32.94,0.59,0.17,0.6,0.43
LA1306,S. chmielewskii,H,27.71,1.2,1.71,4.73,1.89
LA2663,S. chmielewskii,H,30.68,1.12,6.77,4.55,2.16
LA1363,S. habrochaites,H,35.54,5.04,3.41,10.13,5.22
LA2167,S. habrochaites,H,35.61,2.66,3.42,5.78,3.51
LA2560,S. pennellii,H,22.42,1.6,0.64,3.65,0.98
LA446,S. peruvianum,H,37.14,3.88,0.19,4.6,3.2
LA1954,S. peruvianum,H,37.87,6.97,4.1,6.95,4.15
LA1969,S. chilense,H,23.82,0.01,0,0.44,0.22
LA2891,S. chilense,H,29.75,3.25,0.01,2.98,2.88
LA1316,S. chmielewskii,H,48.18,0.75,1.8,4.86,NA
LA2695,S. chmielewskii,H,33.93,3.01,3.83,4.67,NA
LA1691,S. habrochaites,H,26.85,3.11,0.63,2.64,2.21
LA2204,S. habrochaites,H,28.76,1.21,1.79,3.76,NA
LA2580,S. pennellii,H,24.1,1.27,2.13,1.17,0.42
LA1305,S. peruvianum,H,18.96,0.54,2.08,3.06,1.12
LA1973,S. peruvianum,H,30.29,2.67,4.01,6.05,5.76
LA2748,S. chilense,H,24.67,1.74,0.01,3.59,5.09
LA2931,S. chilense,H,31.65,0.54,0.41,1.81,2.61
LA1317,S. chmielewskii,H,35.64,3.03,5.88,10.7,6.72
LA361,S. habrochaites,H,27.14,6.06,4.81,8.29,4.89
LA1918,S. habrochaites,H,31.95,3.82,0.06,4.04,2.45
LA1367,S. pennellii,H,15.62,0.09,2.13,2.72,NA
LA3788,S. pennellii,H,12.55,1.74,1.18,1.13,NA
LA1336,S. peruvianum,H,31.66,3.91,3.3,3.25,NA
LA3795,S. peruvianum,H,44.43,3.24,0.26,4.59,1.54
LA2773,S. chilense,H,32.16,0.24,0.04,3,1.69
LA1028,S. chmielewskii,H,33.44,0.71,2.52,3.84,3.01
LA1318,S. chmielewskii,H,33.27,2.16,3.7,2.54,NA
LA1361,S. habrochaites,H,36.68,4.86,5.62,2.92,NA
LA1928,S. habrochaites,H,35.11,2.4,1.49,4.09,2.76
LA1912,S. pennellii,H,27.38,2.22,0.98,2.6,1.39
LA3791,S. pennellii,H,28.79,0.01,0.01,0.5,1.02
LA1474,S. peruvianum,H,33.6,0.06,0.22,0.1,NA
LA1958,S. chilense,H,49,3.01,0.14,2.64,3.09
LA2884,S. chilense,H,40.07,2.59,0.33,3.46,4.17
LA1306,S. chmielewskii,H,28.58,0.22,3.02,3.54,2.86
LA2663,S. chmielewskii,H,20.79,1.61,5.95,4.3,2.9
LA1363,S. habrochaites,H,33.89,4.6,5.63,3.57,7.28
LA2167,S. habrochaites,H,34.04,1.23,1.57,4.75,3.09
LA446,S. peruvianum,H,42.59,3.34,1.86,4.5,3.84
LA1954,S. peruvianum,H,45.15,6.8,6.13,6.17,4.32
LA1969,S. chilense,H,24.82,0.62,0.04,1.84,0.84
LA2891,S. chilense,H,27.46,2.7,1.05,4.04,NA
LA1316,S. chmielewskii,H,50.15,4.63,3.24,4.57,4.09
LA2695,S. chmielewskii,H,33.47,1.62,2.99,3.03,NA
LA1691,S. habrochaites,H,27.01,3.33,1.5,5.29,1.33
LA2204,S. habrochaites,H,21.76,3.95,0.17,5.45,4.31
LA2580,S. pennellii,H,18.5,0.47,0.48,1.44,0.32
LA1305,S. peruvianum,H,43.24,0.36,0.51,3.62,3.13
LA1973,S. peruvianum,H,42.55,13.97,4.43,10.78,5.87
LA2748,S. chilense,H,23.74,0.4,0.36,0.96,1.15
LA2931,S. chilense,H,53.84,0.43,0,1.22,1.14
LA1317,S. chmielewskii,H,31.87,4.69,6.89,11.63,6.24
LA361,S. habrochaites,H,29.88,2.84,3.2,0.9,NA
LA1918,S. habrochaites,H,40.95,4.93,0.03,5.2,4.35
LA1367,S. pennellii,H,27.69,1.79,2.8,6.29,3.99
LA3788,S. pennellii,H,21.45,0.51,0.49,0.7,0.71
LA1336,S. peruvianum,H,57.41,9.44,3.96,7.59,6.67
LA3795,S. peruvianum,H,26.44,5.85,3,3.66,NA
LA2773,S. chilense,H,34.32,0.48,0.07,1.03,1.9
LA1028,S. chmielewskii,H,42.31,0.04,0.05,5.03,4.55
LA1318,S. chmielewskii,H,33.14,5.12,5.63,6.4,2.65
LA1361,S. habrochaites,H,39.85,0.94,3.45,4.43,2.82
LA3791,S. pennellii,H,40.66,0.29,0.92,2.18,0.63
LA1958,S. chilense,H,40.8,1.61,0.04,3.06,0.84
LA2884,S. chilense,H,22.85,0.97,2.16,4.15,4.14
LA1306,S. chmielewskii,H,32.88,2.04,3.54,4.77,3.12
LA2663,S. chmielewskii,H,21.18,0.94,3.86,4.51,1.73
LA1363,S. habrochaites,H,27.69,9.3,5.28,14.04,7.18
LA2560,S. pennellii,H,19.81,2.08,3.28,2.24,NA
LA446,S. peruvianum,H,35.69,6.85,2.51,2.46,4.86
LA1954,S. peruvianum,H,36.33,4.54,0.88,7.08,3.74
LA1969,S. chilense,H,13.86,0,0,0.29,0.18
LA2891,S. chilense,H,35.6,1.07,0.08,0.6,1.03
LA1316,S. chmielewskii,H,38.32,1.77,1.14,4.9,4.47
LA2695,S. chmielewskii,H,28.85,3.95,4.77,1.57,NA
LA1691,S. habrochaites,H,22.5,5.54,2.15,4.67,3.15
LA2204,S. habrochaites,H,20.75,3.6,5.35,6.27,5.32
LA2580,S. pennellii,L,38.11,7,9.66,5.89,3.7
LA1305,S. peruvianum,L,17.8,6.3,3.61,23.46,13.02
LA1973,S. peruvianum,L,40.96,13.08,13.55,27.76,13.18
LA2748,S. chilense,L,27.8,9.33,4.63,20.8,12.6
LA2931,S. chilense,L,72.67,12.91,2.68,16.87,11.95
LA1317,S. chmielewskii,L,28.98,3.9,9.01,7.88,4.28
LA1367,S. pennellii,L,41.24,11.67,7.99,4.74,NA
LA3788,S. pennellii,L,58.3,13.42,5.29,3.27,NA
LA1336,S. peruvianum,L,53.56,12.02,4.09,9.2,NA
LA3795,S. peruvianum,L,44.13,8.07,5.86,7.37,NA
LA2773,S. chilense,L,41.48,15.4,4.22,15.68,21.47
LA1028,S. chmielewskii,L,32.5,0.05,6.17,8.61,9.04
LA1318,S. chmielewskii,L,21.34,10.31,17.32,20.54,8.78
LA1912,S. pennellii,L,41.62,12.06,6.65,8.56,2.92
LA3791,S. pennellii,L,44.48,6.12,6.57,3.94,NA
LA1474,S. peruvianum,L,39.68,1.96,3.67,0.8,NA
LA1958,S. chilense,L,35.79,9.1,4.26,16.03,8.82
LA2884,S. chilense,L,34.39,6.42,0.54,5.42,0.03
LA1306,S. chmielewskii,L,35.88,0.06,7.75,8.93,9.06
LA2663,S. chmielewskii,L,25.96,2.28,10.31,6.93,5.92
LA2560,S. pennellii,L,27.44,8.51,9.63,9.14,2.19
LA446,S. peruvianum,L,41.42,10.97,0.03,15,6.72
LA1954,S. peruvianum,L,50.34,12.9,5.83,11.26,8.6
LA1969,S. chilense,L,22.82,0.06,0.06,0.79,NA
LA2891,S. chilense,L,40.98,5.53,1.22,8.75,1.73
LA1316,S. chmielewskii,L,33.2,2.17,5.48,6.19,1.88
LA2695,S. chmielewskii,L,22.16,4,9.4,10.68,7.38
LA1691,S. habrochaites,L,23.13,4.65,0.15,4.2,1.09
LA2204,S. habrochaites,L,31.07,7.57,10.17,10.18,8.42
LA2580,S. pennellii,L,47.62,12.37,8.32,12.91,4.63
LA1305,S. peruvianum,L,18.01,4.32,3.04,10.45,6.26
LA1973,S. peruvianum,L,26.15,8.15,10.98,11.64,7.5
LA2931,S. chilense,L,44.12,10.71,0.28,15.57,18.06
LA1317,S. chmielewskii,L,31.4,5.16,11.96,17.66,15.61
LA361,S. habrochaites,L,34.89,10.83,12.74,14.9,7.45
LA1918,S. habrochaites,L,31.15,7.74,4.96,11.05,6.52
LA1367,S. pennellii,L,31.23,4.18,4.87,2.92,NA
LA1336,S. peruvianum,L,34.56,7,9.68,5.32,2.54
LA3795,S. peruvianum,L,37.23,3.55,9.08,3.71,1.91
LA2773,S. chilense,L,58.16,13.65,0.57,21.51,17.19
LA1028,S. chmielewskii,L,21.71,0.06,4.35,6.84,7.59
LA1318,S. chmielewskii,L,24.31,7.05,12.28,12.28,4.82
LA1361,S. habrochaites,L,39.05,8.16,4.72,16.83,19.55
LA1928,S. habrochaites,L,19.76,4.39,0.03,4.89,2.22
LA1912,S. pennellii,L,28.66,4.15,1.8,7.82,NA
LA1474,S. peruvianum,L,63.98,11.21,8.16,10.7,10.37
LA2884,S. chilense,L,26.78,4.98,0.01,8.09,4.82
LA1306,S. chmielewskii,L,32.73,4.03,0.02,10.97,10.01
LA2663,S. chmielewskii,L,26.99,0.72,7.71,7.09,NA
LA1363,S. habrochaites,L,28.09,9.48,9.88,8.04,4.52
LA2560,S. pennellii,L,39.27,8.05,9.36,11.94,4.71
LA446,S. peruvianum,L,27.58,4.96,1.71,13.43,8.9
LA1954,S. peruvianum,L,47.16,14.76,0.08,11.05,5.73
LA1969,S. chilense,L,42.72,3.84,1.18,14.34,8.75
LA2891,S. chilense,L,37.78,4.29,0.08,5.3,2.74
LA1316,S. chmielewskii,L,38.42,4.63,2.51,11.62,8.98
LA2695,S. chmielewskii,L,31.72,4.26,6.86,5.83,4.12
LA2580,S. pennellii,H,28.33,1.72,0.53,1.23,1.36
LA1305,S. peruvianum,H,24.88,2.39,1.01,3.1,1.24
LA1973,S. peruvianum,H,43.36,3.71,2.91,8.05,5.69
LA2748,S. chilense,H,32.55,0.49,0.31,1.48,1.12
LA2931,S. chilense,H,44.99,0.93,0.64,1.76,0.76
LA1317,S. chmielewskii,H,35.39,2.63,4.36,9.48,9.02
LA361,S. habrochaites,H,32.29,4.11,6.93,7.93,10.55
LA1918,S. habrochaites,H,38.8,3.22,0.53,7.38,5.42
LA1367,S. pennellii,H,22.04,1.61,1.64,0.63,NA
LA3788,S. pennellii,H,28.02,0.76,0.19,1.06,NA
LA1336,S. peruvianum,H,51.69,7.41,5.59,4.48,3.78
LA3795,S. peruvianum,H,14.85,2.92,2.61,1.04,NA
LA2773,S. chilense,H,26.6,1.34,0.64,2.26,3.2
LA1028,S. chmielewskii,H,30.04,5.69,3.67,8.57,7.04
LA1318,S. chmielewskii,H,27.4,1.86,2.85,3.7,1.49
LA1361,S. habrochaites,H,33.71,2.52,3.09,5.65,2.87
LA1928,S. habrochaites,H,26.17,2.51,1.53,8.47,5.33
LA1912,S. pennellii,H,27.01,1.9,1.9,3.2,1.74
LA3791,S. pennellii,H,22.88,0.13,0.52,0.46,0.49
LA1474,S. peruvianum,H,47.47,3.86,0.53,3.14,1.42
LA1958,S. chilense,H,29.38,2.62,0.87,3.43,4.56
LA2884,S. chilense,H,29.94,1.99,1.19,3.05,1.28
LA1306,S. chmielewskii,H,20.54,1.38,2.22,2.72,6.65
LA2663,S. chmielewskii,H,20.25,1.79,5.05,1.44,2.41
LA1363,S. habrochaites,H,36.12,5.9,2.66,12.41,6.16
LA2167,S. habrochaites,H,21.46,1.8,2.14,2.42,2.92
LA2560,S. pennellii,H,26.98,2.89,3.07,2.37,3.98
LA446,S. peruvianum,H,38.31,2.67,4.52,4.19,4.61
LA1954,S. peruvianum,H,39.76,5.96,3.66,6.42,3.87
LA1969,S. chilense,H,12.18,0.5,0.53,0.24,0.25
LA2891,S. chilense,H,27.92,3.05,4,2.84,3.44
LA1316,S. chmielewskii,H,36.06,3.79,2.63,6.26,2.32
LA2695,S. chmielewskii,H,25.16,2.41,4.03,6.98,5.74
LA1691,S. habrochaites,H,20.15,4.09,0.82,2.8,2.31
LA2204,S. habrochaites,H,25.34,4.2,4.92,4.97,3.47
LA2580,S. pennellii,L,38.09,6.66,10.43,11.14,6.85
LA1305,S. peruvianum,L,28.98,6.27,8.42,26.17,7.49
LA1973,S. peruvianum,L,42.84,12.26,17.36,22.2,11.79
LA2748,S. chilense,L,37.78,8.83,0.02,20.27,10.9
LA2931,S. chilense,L,44.79,11.04,0.08,10.69,10.89
LA1317,S. chmielewskii,L,25.63,3.75,6.12,5.47,NA
LA1367,S. pennellii,L,37.88,7.13,9.3,12.61,NA
LA3788,S. pennellii,L,47.31,10.84,8.81,7.63,NA
LA1336,S. peruvianum,L,52.88,13.83,0.08,22.23,16.69
LA3795,S. peruvianum,L,30.16,7.78,4.38,20.98,13.63
LA2773,S. chilense,L,29.84,5.39,2.75,12.11,13.3
LA1028,S. chmielewskii,L,34.84,0.07,4.85,9.4,11.47
LA1318,S. chmielewskii,L,24.18,9.56,18.95,14.19,9.94
LA1912,S. pennellii,L,25.09,11.19,3.88,11.17,NA
LA3791,S. pennellii,L,32.8,1.27,2.8,7.5,NA
LA1474,S. peruvianum,L,53.15,6.9,6.56,8.53,4.15
LA1958,S. chilense,L,48.57,10.47,0.09,13.56,11.54
LA2884,S. chilense,L,51.35,5.65,0.06,12.11,9.99
LA1306,S. chmielewskii,L,31.18,1.09,1.09,11.23,9.97
LA2663,S. chmielewskii,L,23.69,1.21,9.46,7.77,NA
LA1363,S. habrochaites,L,33.35,9.42,12.78,14.15,8.04
LA2560,S. pennellii,L,44.82,11.78,10.9,15.01,6.43
LA446,S. peruvianum,L,37.34,13.04,11.09,12.08,12.37
LA1954,S. peruvianum,L,32.37,7.25,2.16,9.19,NA
LA1969,S. chilense,L,29.94,2.39,2.56,14.27,7.82
LA2891,S. chilense,L,40.94,15.59,2.1,13.53,13.08
LA1316,S. chmielewskii,L,54.31,3.8,0.08,6.06,4.35
LA2695,S. chmielewskii,L,18.9,2.52,10.64,8.08,4.8
LA1305,S. peruvianum,L,33.46,7.4,7.88,4.09,NA
LA1973,S. peruvianum,L,67.92,7.24,12.28,12.2,8.54
LA2931,S. chilense,L,74.6,13.87,2.93,8.87,12.43
LA1317,S. chmielewskii,L,35.41,10.15,0.07,19.41,11.08
LA1367,S. pennellii,L,48.47,16.85,13.07,14.43,NA
LA3788,S. pennellii,L,34.6,12.04,9.06,6.04,NA
LA1336,S. peruvianum,L,43.9,10.28,6.94,12.27,11.62
LA3795,S. peruvianum,L,29.73,5.33,8.75,8.21,NA
LA2773,S. chilense,L,32.53,4.06,0.36,11.74,14.94
LA1028,S. chmielewskii,L,34.29,0.07,5.43,6.63,6.95
LA1361,S. habrochaites,L,31.15,3.59,5.43,11.34,6.7
LA1912,S. pennellii,L,26.31,5.22,4.52,8.12,2.53
LA3791,S. pennellii,L,15.67,8.16,7.26,11.95,4.09
LA1474,S. peruvianum,L,51.49,14.43,11.42,11.48,16.52
LA1958,S. chilense,L,42.26,7.74,0.08,2.32,21.14
LA2884,S. chilense,L,36.4,3.38,0.65,7.06,10.17
LA1306,S. chmielewskii,L,28.87,5.07,8.98,10.97,9.5
LA2663,S. chmielewskii,L,28.72,2.39,10.22,6.66,NA
LA1363,S. habrochaites,L,28.16,11.96,9.91,17.34,8.91
LA2560,S. pennellii,L,35.83,3.76,3.94,3.32,NA
LA1954,S. peruvianum,L,39.66,11.88,4.59,11.55,13.27
LA1969,S. chilense,L,20.13,3.66,2.89,13.26,7.3
LA2891,S. chilense,L,49.31,18.97,0.04,23.12,7.77
LA1316,S. chmielewskii,L,39.51,3.5,6.28,8.79,7.44
LA2695,S. chmielewskii,L,32.29,1.48,5.95,3.62,NA
LA1691,S. habrochaites,L,27.43,6,2.98,5.5,3.48
LA2204,S. habrochaites,L,32.34,6.86,5.75,8.1,9.58
LA2580,S. pennellii,L,29.94,13.15,10.51,10.52,4.35
LA1305,S. peruvianum,L,31.25,6.46,6.97,15.92,9.68
LA1973,S. peruvianum,L,69.21,14.84,0,22.17,9.79
LA2748,S. chilense,L,37.93,11.78,0.07,19.06,17.09
LA2931,S. chilense,L,43.61,3.68,0,3.7,NA
LA1317,S. chmielewskii,L,40.19,7.09,0.89,18.38,17.68
LA361,S. habrochaites,L,44.51,8.15,11.57,8.97,9.65
LA1918,S. habrochaites,L,47.26,5.71,0.02,9.36,6.84
LA1367,S. pennellii,L,37.27,6.86,19.16,21.78,11.73
LA1336,S. peruvianum,L,61.28,13.32,6.58,6.7,4.29
LA3795,S. peruvianum,L,33.58,4.65,6.3,7.53,4.37
LA2773,S. chilense,L,47.63,6.74,1.18,11.48,15.37
LA1318,S. chmielewskii,L,41.11,4.16,11.6,7.88,NA
LA1361,S. habrochaites,L,31.63,7.24,7.85,14.55,13.08
LA1912,S. pennellii,L,19.88,7.67,7.35,15.86,6.56
LA3791,S. pennellii,L,62.74,8.58,4.25,4.54,NA
LA1474,S. peruvianum,L,55.16,10.39,0.03,4.71,NA
LA1958,S. chilense,L,41.54,5.02,6.59,14.98,13.05
LA2884,S. chilense,L,42.59,5.45,1.78,0.14,6.48
LA1306,S. chmielewskii,L,34.72,2.93,6.19,10.17,7.94
LA2663,S. chmielewskii,L,35.77,4.81,10.73,11.58,7.64
LA1363,S. habrochaites,L,29.85,12.18,12.28,10.56,2.87
LA2167,S. habrochaites,L,35.23,3.59,0.51,2.79,0.94
LA2560,S. pennellii,L,33.16,11.48,16.72,20.53,8.37
LA446,S. peruvianum,L,31.53,4.23,6.86,12.14,8.47
LA1954,S. peruvianum,L,43.14,10.38,10.44,15.22,5.93
LA1969,S. chilense,L,22.66,0.19,0.19,5.38,0.85
LA1316,S. chmielewskii,L,54.06,1.7,1.28,3.5,3.76
LA2695,S. chmielewskii,L,44.6,1.77,1.08,5.41,2.24
LA1691,S. habrochaites,L,30.42,4.85,3.22,5.72,3.8
LA2204,S. habrochaites,L,33.58,3.33,4.64,3.02,NA
LA1305,S. peruvianum,L,15.85,5.72,3.18,9.57,7.89
LA1973,S. peruvianum,L,63.1,25.05,6.59,17.15,11.06
LA2931,S. chilense,L,36.64,8.11,5.49,16.13,15.51
LA1317,S. chmielewskii,L,35.68,5.67,13.58,26.44,15.34
LA361,S. habrochaites,L,28.43,12.34,20.03,13.53,11.96
LA1367,S. pennellii,L,34.73,16.51,5.15,9.12,2.94
LA3788,S. pennellii,L,26.24,15.37,5.88,9.45,2.51
LA1336,S. peruvianum,L,51.77,9.65,13.93,17.23,15.04
LA3795,S. peruvianum,L,53.92,16.46,9.4,12.33,8.04
LA2773,S. chilense,L,46.87,6.67,0.43,10.91,11.12
LA1028,S. chmielewskii,L,35.76,0.25,3.12,7.84,9.21
LA1318,S. chmielewskii,L,31.63,11.05,15,10.99,4.42
LA1361,S. habrochaites,L,33.82,13.81,11.36,17.5,10.68
LA1928,S. habrochaites,L,24.84,13.17,0.05,19.06,4.64
LA1912,S. pennellii,L,34.47,5.62,9.39,11.17,6.05
LA3791,S. pennellii,L,20.78,4.25,3.53,6.04,3.65
LA1474,S. peruvianum,L,64.42,4.55,2.95,2.71,1.08
LA1958,S. chilense,L,57.47,8.08,3.03,5.32,9.01
LA2884,S. chilense,L,42.8,4.18,3.77,6.67,7.32
LA1306,S. chmielewskii,L,30.85,4.71,0.41,19.82,17.1
LA2663,S. chmielewskii,L,34.57,2.49,9.43,12.74,10.34
LA1363,S. habrochaites,L,35.9,12.92,15.74,16.9,7.95
LA2167,S. habrochaites,L,35.87,4.85,7.19,11.79,9.96
LA716,S. pennellii,L,24.23,0.39,2.91,4.7,6.84
LA446,S. peruvianum,L,37.61,8.28,4.82,3.39,1.83
LA1954,S. peruvianum,L,34.45,1.48,0,0.8,NA
LA1969,S. chilense,L,34.6,1.7,0.16,10.33,2.96
LA1316,S. chmielewskii,L,45.86,2.83,6.72,13.47,8.54
LA2695,S. chmielewskii,L,38.4,4.37,8.41,14.51,9.96
LA1691,S. habrochaites,L,43.95,6.42,0.32,9.6,4.84
LA2204,S. habrochaites,L,31.6,6.24,11.42,16.17,10.35
LA2580,S. pennellii,H,26.58,1.17,0.28,0.69,NA
LA1305,S. peruvianum,H,36.36,2.14,2.95,7.5,4.12
LA1973,S. peruvianum,H,45.24,8.83,6.75,6.62,4.06
LA2931,S. chilense,H,44.75,2.66,0.28,3.56,1.49
LA1317,S. chmielewskii,H,42.58,3.21,2.62,5.8,4.15
LA361,S. habrochaites,H,35.68,6.67,6.69,3.58,4.49
LA1918,S. habrochaites,H,37.66,4.67,0.17,6.28,3.08
LA1367,S. pennellii,H,33.47,3.48,1.92,3.76,NA
LA1336,S. peruvianum,H,39.22,3.52,0.01,0.01,NA
LA3795,S. peruvianum,H,35.46,2.22,1.36,1.52,NA
LA2773,S. chilense,H,38.87,0.62,0.27,0.65,7.91
LA1028,S. chmielewskii,H,34.7,0.01,0.64,5.8,3.27
LA1318,S. chmielewskii,H,28.26,3.37,4.69,3.32,NA
LA1361,S. habrochaites,H,39.67,1.58,2.66,6.7,4.4
LA1912,S. pennellii,H,19.58,0.22,1.2,2.37,NA
LA3791,S. pennellii,H,40.93,1.36,0.35,1.22,NA
LA1474,S. peruvianum,H,42.39,2.08,2.64,4,1.76
LA1958,S. chilense,H,65.32,3.02,0.01,1.41,NA
LA1306,S. chmielewskii,H,28.59,1.92,0.02,5.44,3.56
LA2663,S. chmielewskii,H,31.52,2.32,7.13,6.45,NA
LA1363,S. habrochaites,H,33.95,10.02,5.42,10.05,3.95
LA2167,S. habrochaites,H,28.58,3.11,3.68,4.13,3.69
LA446,S. peruvianum,H,28.9,2.55,2.95,0.65,NA
LA1954,S. peruvianum,H,45.36,4.52,6.49,4.34,3.7
LA1969,S. chilense,H,20.35,0.07,0.07,2,0.52
LA1316,S. chmielewskii,H,39.08,0.77,2.86,2.51,0.17
LA2695,S. chmielewskii,H,28.17,0.7,1.59,NA,NA
LA1691,S. habrochaites,H,37.54,5.12,2.08,2.83,0.78
LA2204,S. habrochaites,H,20.1,4.37,9.9,5.88,5.9
LA2580,S. pennellii,H,23.75,1.78,1.14,2.51,0.96
LA1305,S. peruvianum,H,34.38,3.7,6.13,4.93,5.2
LA1973,S. peruvianum,H,28.11,2.15,3.23,5.56,3.1
LA1317,S. chmielewskii,H,34.15,4.29,5.97,8.22,4
LA361,S. habrochaites,H,29.82,8.12,14.64,5.68,3.93
LA1918,S. habrochaites,H,56.81,2.69,1.47,3.79,5.57
LA1367,S. pennellii,H,22.56,0.67,3.69,4.88,3.98
LA3788,S. pennellii,H,33.61,1.06,0.83,1.51,0.58
LA1336,S. peruvianum,H,58.84,4.75,3.3,5.81,3.68
LA3795,S. peruvianum,H,25.37,3.65,2.83,2.64,NA
LA2773,S. chilense,H,41.4,2.21,3.89,2.41,2.3
LA1028,S. chmielewskii,H,32.47,0.13,0,3.73,2.68
LA1318,S. chmielewskii,H,28.03,5.83,7.59,11.9,5.19
LA1361,S. habrochaites,H,32.05,2.42,4.61,4.39,5.2
LA2931,S. chilense,H,28.99,0.23,0.11,0.71,0.44
LA1912,S. pennellii,H,18.4,0.64,0.33,3.38,2.64
LA3791,S. pennellii,H,33.17,0.79,0.73,1.26,NA
LA1474,S. peruvianum,H,51.77,1.95,2.75,7.08,2.84
LA1958,S. chilense,H,40.78,3.67,0.66,1.06,3.82
LA2884,S. chilense,H,44.43,0.88,0.09,3.87,1.05
LA1306,S. chmielewskii,H,27.39,0.04,2.1,1.63,NA
LA2663,S. chmielewskii,H,26.41,2.36,7.11,5.34,4.35
LA1363,S. habrochaites,H,29.11,3.33,7.81,4.15,2.77
LA2167,S. habrochaites,H,23.33,3.31,4.32,6.82,4.8
LA716,S. pennellii,H,15.69,1.08,0.04,NA,NA
LA446,S. peruvianum,H,22.77,2.39,7.59,4.98,4.67
LA1954,S. peruvianum,H,40.77,7.85,2.32,6.98,1.55
LA1969,S. chilense,H,26.64,0.02,0.03,0.27,0.55
LA2891,S. chilense,H,34.33,1.54,0.84,1.21,0.77
LA1316,S. chmielewskii,H,40,1.99,2.94,3.88,4.12
LA2695,S. chmielewskii,H,35.34,3.3,5.73,7.5,6.36
LA1691,S. habrochaites,H,32.03,3.87,0.91,1.34,2.12
LA2204,S. habrochaites,H,35.9,2.23,5.78,4.96,4.21
LA2580,S. pennellii,H,23.36,1.62,2.31,0.63,NA
LA1305,S. peruvianum,H,29.23,2.15,2.6,3.73,0.7
LA1973,S. peruvianum,H,31.6,9.33,4.55,9.16,8.2
LA2748,S. chilense,H,34.8,1.44,1.05,2.17,2.32
LA2931,S. chilense,H,29.32,1.24,0.59,1.16,0.86
LA1317,S. chmielewskii,H,32.92,2.58,5.9,6.29,4.31
LA3788,S. pennellii,H,16.27,1.08,0.45,1.67,1.24
LA3795,S. peruvianum,H,36.19,0.38,0.12,0.36,NA
LA2773,S. chilense,H,49.53,0.71,0.4,1.29,0.8
LA1028,S. chmielewskii,H,23.06,0.28,0.95,1.59,1.05
LA1318,S. chmielewskii,H,19.33,3.5,6.27,6.51,2.88
LA1361,S. habrochaites,H,29.07,2.83,5.99,3.16,4.18
LA1912,S. pennellii,H,17.47,1.51,1.13,1.38,NA
LA3791,S. pennellii,H,25.38,0.12,0.43,0.5,0.44
LA1474,S. peruvianum,H,51.55,1.34,0.13,0.87,3.32
LA1958,S. chilense,H,29.95,0.89,0.85,0.47,NA
LA2884,S. chilense,H,27.76,1.48,0.67,0.51,0.38
LA1306,S. chmielewskii,H,25.64,1.3,1.89,3.42,0.74
LA2663,S. chmielewskii,H,31.06,1.17,3.39,2.93,0.94
LA1363,S. habrochaites,H,24.06,5.61,3.11,4.02,1.61
LA2167,S. habrochaites,H,24.71,3.16,1.18,2.7,2.45
LA716,S. pennellii,H,19.46,4.23,3.05,3.04,1.33
LA446,S. peruvianum,H,35.75,1.26,2.24,1.33,0.7
LA1954,S. peruvianum,H,27.8,2,4.72,4.94,6.18
LA1969,S. chilense,H,31.47,0.45,0.51,0.56,NA
LA2891,S. chilense,H,26.78,0.84,0.09,1.19,1.2
LA1316,S. chmielewskii,H,44.88,1.78,2.34,3.04,1.91
LA2695,S. chmielewskii,H,27.7,2.32,2.71,2,0.95
LA1691,S. habrochaites,H,30.41,2.45,1.41,2.24,1.96
LA2204,S. habrochaites,H,36.34,6.31,0.55,4.33,2.74
LA2580,S. pennellii,L,44.1,6.9,5.91,6.14,2.71
LA1305,S. peruvianum,L,24.36,5.3,0.85,11.23,4.34
LA1973,S. peruvianum,L,42.45,11.06,9.56,20.68,10.32
LA2748,S. chilense,L,49.97,7.99,5.26,14.9,7.8
LA2931,S. chilense,L,48.54,7.82,2.07,2.62,0.89
LA1317,S. chmielewskii,L,39.11,5.85,4.94,21.15,17.9
LA361,S. habrochaites,L,38.62,9.88,7.67,8.86,10.04
LA1918,S. habrochaites,L,40.63,4.24,1.06,5.97,3.59
LA1367,S. pennellii,L,15.36,2.56,1.39,2.43,0.7
LA3788,S. pennellii,L,51.58,9.17,8.37,8.48,2.88
LA1336,S. peruvianum,L,55.33,14.56,3.36,7.78,4.38
LA3795,S. peruvianum,L,33.75,3.72,7.01,6.62,4.84
LA2773,S. chilense,L,23.83,2.95,0.39,7.52,8.03
LA1028,S. chmielewskii,L,38.49,0.27,2.88,6.63,8.3
LA1318,S. chmielewskii,L,30.9,12.55,14.94,20.99,7.27
LA1361,S. habrochaites,L,32.72,20.48,21.22,22.6,10.39
LA2931,S. chilense,L,42.46,4.21,4.35,6.87,7.87
LA1912,S. pennellii,L,18.12,5.57,5.44,6.05,2.8
LA3791,S. pennellii,L,20.16,3.94,5.36,6.45,2.78
LA1474,S. peruvianum,L,47.36,11.27,3.17,6.59,8.46
LA1958,S. chilense,L,38.46,4.87,0.69,6.1,10.15
LA2884,S. chilense,L,34.04,2.19,0.19,8.4,6.41
LA1306,S. chmielewskii,L,34.45,2.39,0.38,10.11,9.01
LA2663,S. chmielewskii,L,30.19,2.79,7.96,10.65,8.34
LA1363,S. habrochaites,L,25.58,8.48,10.47,7.5,4.25
LA2167,S. habrochaites,L,35.08,3.82,4.61,13.48,9.82
LA716,S. pennellii,L,30.44,6.5,4.18,9.7,6.92
LA446,S. peruvianum,L,40.11,6.18,7.28,7.53,3.68
LA1954,S. peruvianum,L,45.27,6.57,5.45,10.04,7.45
LA1969,S. chilense,L,29.73,8.06,9.11,16.41,7.52
LA2891,S. chilense,L,46.38,14.58,10.66,10.26,5.74
LA1316,S. chmielewskii,L,44.01,3.52,2.7,8.89,6.9
LA2695,S. chmielewskii,L,37.74,2.6,3.41,2.21,0.73
LA1691,S. habrochaites,L,40.3,10.23,1.76,5.32,4.95
LA2204,S. habrochaites,L,32.44,5.67,8.03,18.05,15.75
LA1973,S. peruvianum,H,34.29,11.43,5.12,7.83,4.54
LA1317,S. chmielewskii,H,33.59,2.79,0.95,9.26,7.77
LA361,S. habrochaites,H,41.06,4.57,0.23,5.81,5.64
LA1918,S. habrochaites,H,39.97,3.43,0.43,4.39,5.05
LA1367,S. pennellii,H,10.61,2.73,1.24,2.22,1.52
LA3788,S. pennellii,H,36,0.67,0.77,1.22,0.66
LA1336,S. peruvianum,H,44.6,3.36,2.51,7.52,6.08
LA3795,S. peruvianum,H,27.28,2.42,0.65,1.34,NA
LA2773,S. chilense,H,41.73,0.82,0.5,1.55,2.32
LA1028,S. chmielewskii,H,35.86,1.3,2.62,4.75,1.76
LA1318,S. chmielewskii,H,21.68,3.27,5.32,6.48,3.32
LA1361,S. habrochaites,H,29.24,0.9,1.69,2.82,5.48
LA1912,S. pennellii,H,22.7,0.85,1.65,1.38,1.39
LA1474,S. peruvianum,H,64,2.23,3.25,2.32,1.25
LA1958,S. chilense,H,29.8,3.65,1.47,3.84,2.55
LA2884,S. chilense,H,31.7,1.49,0.52,2.67,2.19
LA1306,S. chmielewskii,H,23.37,1.16,4.08,3.17,2.83
LA2663,S. chmielewskii,H,20.22,1.69,6.08,4.2,3.15
LA1363,S. habrochaites,H,27.04,2.47,6.02,2.02,2.48
LA2167,S. habrochaites,H,30.35,1.7,1.72,4.32,2.44
LA716,S. pennellii,H,14.21,1.31,1.31,1.33,NA
LA446,S. peruvianum,H,30.05,1.54,1.57,1.24,0.95
LA1954,S. peruvianum,H,26.86,2.58,1.26,2.43,1.6
LA1969,S. chilense,H,21.4,0.33,0.48,1.82,1.15
LA2891,S. chilense,H,39.03,3.83,0.83,3.21,1.57
LA1316,S. chmielewskii,H,25.54,1.16,0.28,2.21,1.95
LA2695,S. chmielewskii,H,25.5,2.04,2.55,4.57,3.39
LA1691,S. habrochaites,H,31.95,2.77,0.55,2.53,1.74
LA2204,S. habrochaites,H,29.39,4.1,5.72,7.35,5.81
LA2580,S. pennellii,L,35.55,5.92,3.52,5.57,2.33
LA1305,S. peruvianum,L,34.62,0.74,6.64,0.55,2.65
LA1973,S. peruvianum,L,46.68,18.15,1.85,13.37,7.34
LA2748,S. chilense,L,31.82,4.03,1.34,5.68,NA
LA2931,S. chilense,L,27.4,6.59,3.12,5.39,9.47
LA1317,S. chmielewskii,L,41.76,10.1,13.91,19.39,18.3
LA361,S. habrochaites,L,42.54,11.6,10.11,10.35,9.29
LA1918,S. habrochaites,L,34.55,4.35,0.12,2.96,3.44
LA1367,S. pennellii,L,40.46,16.52,11.66,15.28,6.43
LA3788,S. pennellii,L,24.23,2.11,1.2,2.33,0.91
LA1336,S. peruvianum,L,45.2,5.19,19.65,14.25,12.25
LA3795,S. peruvianum,L,36.42,4.84,4.11,6.28,1.8
LA2773,S. chilense,L,50.99,5.73,1.94,10.51,18.32
LA1028,S. chmielewskii,L,30.65,0.63,3.34,4.69,4.78
LA1318,S. chmielewskii,L,31.96,2.65,5.66,7.15,1.08
LA1361,S. habrochaites,L,34.52,4.35,4.49,12.6,10.23
LA3791,S. pennellii,L,38.6,7.21,2.26,2.82,NA
LA1474,S. peruvianum,L,56.5,6.23,6.42,9.48,4.32
LA1958,S. chilense,L,30.04,6.46,0.96,5.35,4.01
LA2884,S. chilense,L,44.73,4.88,1.25,12.6,9.34
LA1306,S. chmielewskii,L,32.03,4.6,7.93,12.46,10.75
LA2663,S. chmielewskii,L,35.32,4.92,8.12,7.39,7.97
LA1363,S. habrochaites,L,37.43,10.48,9.23,11.09,7.33
LA2167,S. habrochaites,L,34.1,5.42,5.67,10.49,7.47
LA716,S. pennellii,L,29.64,14.53,11.61,8.17,3.42
LA446,S. peruvianum,L,38.63,12.5,1.45,16.34,10.91
LA1954,S. peruvianum,L,47.51,19.48,7.31,8.14,5.01
LA2891,S. chilense,L,60.27,14.3,10.57,9.27,9.39
LA1316,S. chmielewskii,L,48.25,4.53,5.77,8.55,6.12
LA2695,S. chmielewskii,L,34.66,0.79,2.8,3.38,NA
LA1691,S. habrochaites,L,26.86,5.62,0.57,6.53,4.53
LA2204,S. habrochaites,L,35.16,0.44,8.46,10,4.41
LA2580,S. pennellii,H,21.85,0.47,0.47,0.46,NA
LA1305,S. peruvianum,H,31.26,2.12,1.12,4.69,2.77
LA1973,S. peruvianum,H,37.93,4.87,1.55,3.52,1.97
LA2748,S. chilense,H,17.82,0.93,0.84,0.38,3.27
LA1317,S. chmielewskii,H,34.11,5.38,8.25,8.62,4.9
LA361,S. habrochaites,H,30.08,3,4.77,4.62,2.41
LA1918,S. habrochaites,H,29.51,2.29,0.71,3.5,0.95
LA1367,S. pennellii,H,14.16,1.61,1.19,1.77,1.45
LA3788,S. pennellii,H,16.79,0.7,1.12,1.03,1.76
LA3795,S. peruvianum,H,31.12,7.26,4,5.91,3.09
LA2773,S. chilense,H,41.97,2.05,0.57,1.93,1.58
LA1028,S. chmielewskii,H,28.48,2.04,3.75,3.85,2.87
LA1318,S. chmielewskii,H,23.1,3.03,4.59,4.67,1.4
LA1361,S. habrochaites,H,24.46,1.03,7.95,7.19,4.81
LA1474,S. peruvianum,H,34.62,5.11,3,6.62,4.55
LA1958,S. chilense,H,35.6,1.34,0.56,1.15,2.85
LA2884,S. chilense,H,33.14,0.92,0.67,2.3,1.38
LA1306,S. chmielewskii,H,29.65,1.55,3.57,4.73,4.46
LA2663,S. chmielewskii,H,25.72,1.89,5.96,7.6,3.72
LA1363,S. habrochaites,H,27.4,2.44,6.17,2.06,3.61
LA716,S. pennellii,H,20.17,1.5,1.37,3.05,1.8
LA446,S. peruvianum,H,37.23,4.06,2.23,4.44,2.74
LA1954,S. peruvianum,H,51.22,4.87,5.42,4.64,2.35
LA1969,S. chilense,H,28.29,0.13,0.42,0.99,0.22
LA2695,S. chmielewskii,H,38.7,2.58,3.43,5.35,4.15
LA1691,S. habrochaites,H,24.63,1.06,0.31,1.23,0.78
LA2204,S. habrochaites,H,28.55,2.2,1.7,2.73,1.61
LA1305,S. peruvianum,L,33.64,1.6,0.66,5.18,1.36
LA2748,S. chilense,L,20.4,2.41,1.85,6.1,5
LA2931,S. chilense,L,33.13,5.29,1.66,7.61,5.61
LA1317,S. chmielewskii,L,41.29,2.87,7.06,16.46,10.94
LA361,S. habrochaites,L,38.94,7.53,9.8,9.15,6.76
LA1918,S. habrochaites,L,37.33,6.68,2.66,6.07,1.2
LA3788,S. pennellii,L,31.47,2.66,1.06,1.49,1.61
LA1336,S. peruvianum,L,15.11,39.01,7.49,2.1,11.11
LA3795,S. peruvianum,L,28.89,1.13,2.75,3.88,2.97
LA1028,S. chmielewskii,L,25.47,1.74,1.31,2.92,2.07
LA1318,S. chmielewskii,L,25.17,5.11,10.68,7.67,3.47
LA1361,S. habrochaites,L,36.09,10.66,9.09,14.63,12.45
LA1912,S. pennellii,L,32.98,4.49,5.35,4.52,4.46
LA3791,S. pennellii,L,24.4,3.59,1.28,7.44,6.15
LA1474,S. peruvianum,L,52.72,4.71,4.49,1.37,2.77
LA2884,S. chilense,L,30.99,2.05,1.56,2.99,5.58
LA1306,S. chmielewskii,L,23.27,1.26,2.93,1.6,1.66
LA2663,S. chmielewskii,L,26.14,1.84,6,7.2,7.19
LA1363,S. habrochaites,L,25.43,2.6,10.89,6.23,4.24
LA2167,S. habrochaites,L,22.32,4.43,5.52,4.43,1.96
LA1954,S. peruvianum,L,55.29,9.2,1.91,7.83,4.19
LA2891,S. chilense,L,37.16,5.13,0.86,6.36,2.79
LA1316,S. chmielewskii,L,38.06,2.25,1.6,4.2,2.15
LA2695,S. chmielewskii,L,35.8,3.91,8.01,7.13,3.71
LA1691,S. habrochaites,L,32.55,6.24,2.89,4.5,4.16
LA2204,S. habrochaites,L,26.45,4.54,5.17,8.45,3.04
LA1317,S. chmielewskii,H,41,3.84,6.22,5.67,3.38
LA361,S. habrochaites,H,34.36,7.23,8.28,5.34,4.9
LA1918,S. habrochaites,H,31.46,4.73,0.05,5,2.3
LA1318,S. chmielewskii,H,26.39,5.26,6.39,7.42,0.05
LA1361,S. habrochaites,H,31.76,1.81,2.21,2.79,3.69
LA2931,S. chilense,H,33.51,0.95,0.16,1.14,NA
LA2663,S. chmielewskii,H,28.57,2.91,7.11,5.28,4.51
LA1363,S. habrochaites,H,31.55,4.17,7.09,4.87,3.76
LA2167,S. habrochaites,H,24.39,1.4,6.29,4.1,1.67
LA1691,S. habrochaites,H,31.33,5.42,1.55,4.1,2.42
LA2204,S. habrochaites,H,29.2,3.01,3.03,2.54,NA
LA2580,S. pennellii,L,38.73,10.79,9.79,11.5,5.34
LA1305,S. peruvianum,L,26.02,7.26,6.77,18.74,11.79
LA1973,S. peruvianum,L,37.01,18.67,28.98,21.49,23.28
LA2748,S. chilense,L,34.31,11.75,0.93,22.21,14.79
LA2931,S. chilense,L,38.75,8.35,4.39,13.12,9.55
LA1317,S. chmielewskii,L,33.33,3.5,7.55,17.78,12.93
LA361,S. habrochaites,L,31.08,15.98,15.95,13.07,11.22
LA1918,S. habrochaites,L,31.51,6.3,3.59,8.17,4.56
LA1336,S. peruvianum,L,53.35,9.47,3.78,10.19,4.01
LA3795,S. peruvianum,L,45.29,3.67,7.42,11.85,8.49
LA2773,S. chilense,L,51.87,7.08,4.21,11.15,19.38
LA1028,S. chmielewskii,L,26.82,0.05,6.1,9.39,10.93
LA1318,S. chmielewskii,L,34.09,16.2,22.57,21.89,10.38
LA1361,S. habrochaites,L,38.93,6.49,16.11,20.72,13.9
LA1954,S. peruvianum,L,48.49,14.23,3.05,15.94,6.55
LA1912,S. pennellii,L,33.65,6.55,3.11,6.17,7.25
LA3791,S. pennellii,L,37.64,7.38,7.57,11.1,NA
LA1474,S. peruvianum,L,54.52,10.99,6.73,7.78,9.31
LA1958,S. chilense,L,30.12,8.08,1.21,8.93,14.4
LA1306,S. chmielewskii,L,37.07,0.48,5.96,12.39,16.59
LA2663,S. chmielewskii,L,22.67,2.75,10.35,14.64,7.79
LA1363,S. habrochaites,L,36.36,10.17,17.78,12.2,13.25
LA2167,S. habrochaites,L,41.94,1.71,2.27,6.64,8.01
LA716,S. pennellii,L,35.76,NA,NA,NA,NA
LA1969,S. chilense,L,31.23,2.7,9.99,11.04,NA
LA2891,S. chilense,L,46.66,8.85,5.9,9.23,13.23
LA1316,S. chmielewskii,L,48.05,7.74,7.54,11.77,13.19
LA2695,S. chmielewskii,L,32.53,3.47,6.03,11.05,9.04
LA1691,S. habrochaites,L,32.14,8.27,1.9,7.2,3.82
LA2204,S. habrochaites,L,37.53,21.39,15.12,14.46,13.48
LA2580,S. pennellii,H,22.81,0.64,1.45,1.03,0.27
LA2931,S. chilense,H,36.79,1.8,0.64,2.14,2.49
LA1317,S. chmielewskii,H,33.99,1.06,5.25,3.79,1.42
LA361,S. habrochaites,H,34.09,5.41,5.8,6.81,5.49
LA1918,S. habrochaites,H,31.76,4.74,0.69,5.47,2.88
LA1367,S. pennellii,H,20.09,0.28,4.22,5.53,2.29
LA1336,S. peruvianum,H,36.91,5.41,3.19,4.54,2.22
LA3795,S. peruvianum,H,28.91,2.84,2.85,2.87,2.74
LA2773,S. chilense,H,33.17,0.63,0.71,0.85,0.46
LA1028,S. chmielewskii,H,24.75,1.22,3.26,4.9,3.09
LA1318,S. chmielewskii,H,22.72,1.24,3.89,4.39,3.12
LA1361,S. habrochaites,H,27.53,2.59,1.5,3.97,4.88
LA1954,S. peruvianum,H,25.96,1.21,4.32,1.72,1.71
LA1912,S. pennellii,H,19.4,1.3,0.48,0.99,1.05
LA1474,S. peruvianum,H,39.82,3.49,0.41,3.6,3.13
LA1958,S. chilense,H,23.49,1.09,0.48,2.12,1.47
LA2884,S. chilense,H,21.78,1.09,0.59,3.33,2.21
LA1306,S. chmielewskii,H,27.42,1.03,0.84,3.47,5.24
LA2663,S. chmielewskii,H,25.87,1.89,4.99,4.28,2.66
LA1363,S. habrochaites,H,22.61,2.37,7.83,12.63,3.79
LA446,S. peruvianum,H,25.71,0.79,0.36,1.21,0.45
LA1954,S. peruvianum,H,33.4,2.11,4.65,4.17,0.44
LA1969,S. chilense,H,26.41,0.31,0.36,0.45,0.29
LA2891,S. chilense,H,22.38,0.07,0.16,0.23,0.48
LA1316,S. chmielewskii,H,46.93,1.21,0.34,2.22,3.56
LA2695,S. chmielewskii,H,27.59,1.17,2.7,1.89,0.68
LA1691,S. habrochaites,H,29.13,2.57,3.38,2.46,2.65
LA2204,S. habrochaites,H,24.31,4.29,6.3,8.08,6.74
LA2580,S. pennellii,L,22.87,4.19,4.54,2.66,1.26
LA1305,S. peruvianum,L,40.84,6.07,1.13,8.85,5.51
LA1973,S. peruvianum,L,24.16,8.26,1.05,12.24,4.14
LA2748,S. chilense,L,23.61,3.89,1.03,18.07,14.69
LA2931,S. chilense,L,44.63,2.56,1.35,3.86,2.12
LA1317,S. chmielewskii,L,35,5.85,15.09,12.75,7.06
LA361,S. habrochaites,L,25.08,4.78,7.86,6.06,4.14
LA1918,S. habrochaites,L,41.05,1.82,1.78,3.98,2.52
LA2167,S. habrochaites,L,19.2,7.31,5.07,7.71,5.4
LA3788,S. pennellii,L,43.87,8.09,2.68,1.17,NA
LA1336,S. peruvianum,L,36.86,10.43,7.41,9.9,4.8
LA2773,S. chilense,L,32.93,9.29,3.32,16.15,5.97
LA1028,S. chmielewskii,L,27.8,1.64,1.73,6.75,6.29
LA1318,S. chmielewskii,L,26.45,5.78,7.95,5.35,1.14
LA1361,S. habrochaites,L,33.78,6.04,9.33,13.29,13.27
LA1912,S. pennellii,L,27.17,3.58,2.2,1.5,1.5
LA3791,S. pennellii,L,35.35,1.58,3.3,4.11,2.73
LA1474,S. peruvianum,L,43.8,6.09,1.03,7.27,3.5
LA1958,S. chilense,L,71.11,11.24,4.34,11.74,8.48
LA2884,S. chilense,L,45.83,10.56,6.28,1.22,6.67
LA1306,S. chmielewskii,L,34.56,1.31,2.83,9.93,9.04
LA2663,S. chmielewskii,L,33,1.8,8.28,5.78,3.34
LA1363,S. habrochaites,L,26.37,13.61,18.86,12.15,7.25
LA446,S. peruvianum,L,26.34,11.26,1.29,6.51,6.36
LA1954,S. peruvianum,L,57.34,16.78,3.03,9.29,6.77
LA1316,S. chmielewskii,L,45.5,3.89,5,4.85,4.12
LA2695,S. chmielewskii,L,28.89,4.02,8.11,4.68,2.63
LA1691,S. habrochaites,L,25.41,5.59,1.32,3.93,1.94
LA2580,S. pennellii,L,10.32,2.2,1.21,NA,NA
LA1305,S. peruvianum,L,28.04,5.21,8.5,13.08,6.64
LA1973,S. peruvianum,L,63.55,21.94,14.35,17.45,5.82
LA2748,S. chilense,L,31.82,5.53,7.76,12.34,13.3
LA2931,S. chilense,L,51.02,11.49,2.95,10.36,9.49
LA1317,S. chmielewskii,L,42.25,5.48,11.56,18.41,14.56
LA361,S. habrochaites,L,38.78,11.54,20.11,14.18,9.8
LA1918,S. habrochaites,L,31.45,5.3,2.37,7.56,5.19
LA2167,S. habrochaites,L,31.16,7.53,7.76,6.19,10.38
LA1336,S. peruvianum,L,62.64,17.83,5.81,6.42,3.43
LA3795,S. peruvianum,L,40.28,4.33,5.13,4.11,NA
LA2773,S. chilense,L,14.42,0.74,0.74,0.5,NA
LA1361,S. habrochaites,L,38.39,5.53,9.97,15.05,13.44
LA1912,S. pennellii,L,25.67,8.6,3.97,6.69,1.72
LA3791,S. pennellii,L,58.95,8.1,0.05,3.7,2.53
LA1474,S. peruvianum,L,43.49,3.18,0.37,0.43,NA
LA1958,S. chilense,L,56.16,8.24,1.66,7.66,6.89
LA2884,S. chilense,L,32.66,9.38,2.54,9.58,6.07
LA1306,S. chmielewskii,L,27.49,3.75,0.04,15.69,14.69
LA2663,S. chmielewskii,L,32.04,4.91,9.79,6.49,7.2
LA1363,S. habrochaites,L,32.5,13.8,18.89,9.12,5.91
LA1954,S. peruvianum,L,36.44,9.27,3.49,7.25,5.98
LA1969,S. chilense,L,19.29,1.03,2.74,2.57,NA
LA2891,S. chilense,L,39.67,13.9,2.89,13.89,5.01
LA1316,S. chmielewskii,L,40.29,1.61,2.72,8.75,7.68
LA2695,S. chmielewskii,L,36.39,2.04,9.49,7.72,5.27
LA1691,S. habrochaites,L,37.96,4.59,0.59,5.7,0.87
LA2580,S. pennellii,L,19.91,3.66,2.12,3.87,1.94
LA1973,S. peruvianum,L,51.73,14.53,4.3,15.8,5.91
LA2748,S. chilense,L,25.77,11.07,8.71,16.29,7.98
LA2931,S. chilense,L,45.54,8.71,0.49,18.23,6.78
LA1317,S. chmielewskii,L,38.07,3.45,11.64,12.84,11.11
LA361,S. habrochaites,L,37.25,11.83,3.79,4.95,1.22
LA2167,S. habrochaites,L,19.5,8.58,9.88,8.96,9.54
LA1336,S. peruvianum,L,49.72,14.66,2.1,9.23,4.88
LA3795,S. peruvianum,L,40.65,6.36,4.41,6.16,4.37
LA2773,S. chilense,L,31.71,2.77,4.15,4.28,5.29
LA2773,S. chilense,L,35.36,9.62,5.53,8.63,16.44
LA1318,S. chmielewskii,L,35.8,9.77,9.79,10.22,3.63
LA1361,S. habrochaites,L,54.1,6.25,7.69,18.47,12.27
LA1954,S. peruvianum,L,42.73,12.36,6.18,12.71,7.83
LA1912,S. pennellii,L,25.42,8.03,7.08,4.89,4.26
LA3791,S. pennellii,L,35.62,1.06,0.61,0.97,NA
LA1958,S. chilense,L,43,4.9,1.99,5.82,4.79
LA2884,S. chilense,L,26.66,1.5,0.94,0.5,1.27
LA1306,S. chmielewskii,L,24.27,1.47,6.97,10.09,3.47
LA2663,S. chmielewskii,L,28.81,3.16,6.18,10.73,5.98
LA1363,S. habrochaites,L,27.31,8.49,3.94,13.97,5.56
LA2167,S. habrochaites,L,28.8,6.48,8.93,17.29,10.06
LA716,S. pennellii,L,23.29,0.49,7.8,2.89,1.08
LA446,S. peruvianum,L,29.64,5.01,6.62,7.75,3.61
LA1969,S. chilense,L,19.67,2.32,4.65,16.77,14.52
LA1316,S. chmielewskii,L,52.22,4.83,2.52,11.01,8.11
LA2695,S. chmielewskii,L,28.07,2.18,6.13,6.36,3.44
LA1691,S. habrochaites,L,26.33,5.88,4.26,7.08,5.88
LA2204,S. habrochaites,L,29.75,7.84,17.24,26.23,22.97
LA1305,S. peruvianum,H,34.06,2.93,1.29,10.09,6.83
LA2748,S. chilense,H,29.91,0.87,1.31,1.45,2.23
LA2748,S. chilense,H,39.79,7.31,2.52,5.43,1.09
LA2931,S. chilense,H,49.11,1.03,1.06,1.1,0.86
LA1317,S. chmielewskii,H,33.81,3.16,7.16,12.12,6.95
LA361,S. habrochaites,H,32.35,4.32,5.77,2.89,2.37
LA1918,S. habrochaites,H,32.8,2.09,0.75,3.61,4.02
LA2167,S. habrochaites,H,20.85,3.05,3.98,5.5,4.73
LA1336,S. peruvianum,H,33.48,5.2,3.29,8.14,3.81
LA3795,S. peruvianum,H,35.18,0.85,0.67,1.24,0.24
LA2773,S. chilense,H,41.47,1.63,0.43,0.94,1.44
LA2773,S. chilense,H,23,0.52,0.91,0.48,0.82
LA1318,S. chmielewskii,H,28.7,3.69,4.84,4.11,1.92
LA1361,S. habrochaites,H,25.84,3.03,3.48,3.48,4.08
LA1954,S. peruvianum,H,20.88,3.24,2.41,4.06,2.14
LA3791,S. pennellii,H,15.65,1.26,1.25,0.95,0.19
LA1474,S. peruvianum,H,26.74,8.94,0.61,3.23,2.12
LA1958,S. chilense,H,30.62,2.74,0.83,1.61,2.17
LA2884,S. chilense,H,33.1,2.73,0.97,2.75,3.25
LA1306,S. chmielewskii,H,28.55,0.71,1.11,2.14,3.07
LA2663,S. chmielewskii,H,29.75,1.87,1.45,7.31,3.4
LA1363,S. habrochaites,H,30.99,4.3,7.24,7.7,3.19
LA2167,S. habrochaites,H,25.98,2.52,1.61,3.87,3.55
LA1954,S. peruvianum,H,44.88,6.67,2.89,7.56,6.01
LA2891,S. chilense,H,27.39,3.15,1.44,3.09,1.8
LA1316,S. chmielewskii,H,37.58,2.81,1.76,3.55,1.7
LA2695,S. chmielewskii,H,24.47,2.62,5.19,3.46,2.22
LA1691,S. habrochaites,H,20.71,2.47,3.58,2.88,2.14
LA2204,S. habrochaites,H,21.13,1.72,0.74,5.27,3.07
LA2580,S. pennellii,L,28.83,15.81,8.76,9.58,5.3
LA1973,S. peruvianum,L,58.53,6.35,15.9,9.69,4.16
LA2748,S. chilense,L,35.73,8.31,1.84,17.31,13.64
LA2931,S. chilense,L,70.71,12.7,2.3,25.53,13.12
LA1317,S. chmielewskii,L,42.53,3.78,10.99,15.31,12.71
LA361,S. habrochaites,L,35.88,14.47,19.97,15.75,12.96
LA1918,S. habrochaites,L,48.35,4.87,0.87,9.33,5.4
LA2167,S. habrochaites,L,32.57,2.97,2.65,11.03,7.47
LA3795,S. peruvianum,L,34.88,4.66,6.34,6.67,3.12
LA2773,S. chilense,L,43.61,7.06,7.99,16.27,15.74
LA2773,S. chilense,L,34.21,2.35,0.84,7.38,5.54
LA1318,S. chmielewskii,L,40.78,6.39,8.15,3.68,3.08
LA1361,S. habrochaites,L,37.53,10.12,12.51,11.74,6.81
LA1954,S. peruvianum,L,27.69,5.83,6.83,3.5,1.65
LA3791,S. pennellii,L,32.56,1.76,1.05,1.67,1.2
LA2884,S. chilense,L,28.27,3.67,0.32,6.29,3.57
LA1306,S. chmielewskii,L,27.77,1.38,10.96,13.92,13.03
LA2663,S. chmielewskii,L,29.95,4.93,10.92,14.45,9.44
LA1363,S. habrochaites,L,28.3,8.83,9.07,13.27,7.86
LA2167,S. habrochaites,L,30.4,4.29,6.37,7.23,6.04
LA716,S. pennellii,L,25.51,4.69,6.55,5.52,3.19
LA1316,S. chmielewskii,L,41.47,3.29,4.56,7,3.8
LA2695,S. chmielewskii,L,39,3.21,10.69,8.54,3.62
LA2204,S. habrochaites,L,33.82,5.81,13.54,11.82,8.14
LA1305,S. peruvianum,H,21.75,4.24,2.82,3.89,1.75
LA1973,S. peruvianum,H,21.35,14.28,5.12,17.55,9.39
LA2748,S. chilense,H,17.73,0.13,0.89,0.82,0.82
LA2931,S. chilense,H,36.03,1.05,0.67,1.62,3.04
LA1317,S. chmielewskii,H,46.21,1.71,2.79,4.51,2.4
LA361,S. habrochaites,H,28.44,8.45,8.44,9.32,4.04
LA1918,S. habrochaites,H,38.77,2.85,0.57,5.79,4.44
LA2167,S. habrochaites,H,19.76,2.39,5.02,5.77,2.64
LA3788,S. pennellii,H,20.03,0.77,0.52,1.13,0.71
LA1336,S. peruvianum,H,34.11,11.22,6.07,9.49,5.59
LA3795,S. peruvianum,H,31.79,1.39,0.61,3.63,1.44
LA2773,S. chilense,H,52.6,1.51,1.17,0.71,1.12
LA1318,S. chmielewskii,H,25.84,7.57,6.09,6.13,3.11
LA1361,S. habrochaites,H,31.92,1.68,1.75,4.77,1.43
LA1954,S. peruvianum,H,29.5,6.88,3.39,2.55,1.58
LA1912,S. pennellii,H,16.94,2.69,3.43,1.89,NA
LA3791,S. pennellii,H,27.46,1.21,0.76,0.33,1.57
LA1474,S. peruvianum,H,25.63,4.66,1.08,2.21,1.33
LA1958,S. chilense,H,29.06,1.06,0.56,1.19,1.89
LA2884,S. chilense,H,17.37,0.62,1.18,1.6,0.86
LA1306,S. chmielewskii,H,30.1,1.27,0.39,4.13,5.07
LA2663,S. chmielewskii,H,26.98,1.27,4.06,3.13,1.63
LA1363,S. habrochaites,H,17.36,2.62,6.52,2.79,2.23
LA2167,S. habrochaites,H,29.71,2.81,1.98,2.01,3.1
LA446,S. peruvianum,H,6.17,2.08,0.17,3,2.81
LA1954,S. peruvianum,H,40.99,5.36,3.36,6.96,4.3
LA1969,S. chilense,H,30.55,0.68,1.22,1.86,0.69
LA2891,S. chilense,H,30.24,4.09,0.52,4,2.5
LA1316,S. chmielewskii,H,35.73,1.16,2.27,3.05,2.9
LA2695,S. chmielewskii,H,28.47,1.73,4.58,3.28,NA
LA1691,S. habrochaites,H,24.55,1.68,2.14,2.68,1.56
LA2204,S. habrochaites,H,28.78,1.82,3.87,5.39,5.2
LA2580,S. pennellii,L,15.97,5.83,5.88,6.47,3.78
LA1305,S. peruvianum,L,27.38,4.01,7.01,12.55,7.74
LA1973,S. peruvianum,L,35.47,10.49,2.6,10.28,2.94
LA2931,S. chilense,L,43.19,7.74,0.66,5.24,4.61
LA1317,S. chmielewskii,L,48.31,4.38,5.16,9,8.55
LA361,S. habrochaites,L,36.52,7.67,9.67,6.09,5.72
LA1918,S. habrochaites,L,35.01,4.82,1.36,5.72,6.52
LA2167,S. habrochaites,L,30.13,4.64,2.88,8.81,11.31
LA1336,S. peruvianum,L,58.4,5.23,6.61,7.36,4.84
LA1361,S. habrochaites,L,29.57,4.36,7.59,5.81,1.99
LA1912,S. pennellii,L,17.9,5.07,2.12,4.82,2.3
LA3791,S. pennellii,L,35.38,6.75,5.3,5.89,2.16
LA1474,S. peruvianum,L,49.2,4.62,6.4,6.94,3.73
LA1958,S. chilense,L,37.05,4.85,0.92,4.12,9.64
LA1306,S. chmielewskii,L,22.05,1.85,6.78,9.13,6.91
LA2663,S. chmielewskii,L,25.82,3.95,7.4,7.47,6.52
LA1363,S. habrochaites,L,26.78,6.46,5.58,6.48,3.16
LA446,S. peruvianum,L,33.2,10.21,1.91,8.28,8.82
LA1954,S. peruvianum,L,48.63,7.01,3.88,5.77,3.8
LA1969,S. chilense,L,32.34,4.99,3.48,7.21,2.83
LA2891,S. chilense,L,29.23,5.43,1.52,6.28,3.88
LA1316,S. chmielewskii,L,35.36,0.33,5.88,6.07,3.8
LA1691,S. habrochaites,L,22.52,4.71,1.79,4.11,2.75
LA2204,S. habrochaites,L,33.14,2.53,0.96,5.84,4.48
LA1973,S. peruvianum,H,23.41,0.56,1.92,1.52,1.56
LA2748,S. chilense,H,16.46,1.04,0.72,0.75,1
LA2931,S. chilense,H,40.51,0.65,1.03,1.03,0.9
LA1317,S. chmielewskii,H,28.96,1.67,5.97,6.46,3.63
LA1918,S. habrochaites,H,30.29,1.88,1.36,4.42,3.29
LA3788,S. pennellii,H,22.88,0.98,0.4,1.43,1.02
LA1336,S. peruvianum,H,51.57,3.42,3,2.81,0.89
LA3795,S. peruvianum,H,28.85,1.95,2.53,1.94,1.28
LA2773,S. chilense,H,21.79,1.1,1.13,0.33,0.96
LA2773,S. chilense,H,22.37,0.43,0.44,0.91,0.43
LA1318,S. chmielewskii,H,28.17,7.68,7.18,8.06,4.64
LA1361,S. habrochaites,H,30.48,1.99,4.45,4.45,5.39
LA1954,S. peruvianum,H,39.87,3.62,1.78,2.66,1.99
LA3791,S. pennellii,H,25,0.85,1.08,1.13,0.2
LA1474,S. peruvianum,H,33.1,1.56,1.03,2.56,3.82
LA1958,S. chilense,H,30.46,1,0.37,1.49,1.42
LA1306,S. chmielewskii,H,31.17,1.36,3.63,5.49,3.3
LA2663,S. chmielewskii,H,29.28,2.51,5.46,5.05,3.29
LA1363,S. habrochaites,H,20.65,1.89,3.59,2.74,1.3
LA2167,S. habrochaites,H,27.09,2.14,2.32,2.96,2.69
LA1474,S. peruvianum,H,40.47,0.85,1.43,0.63,1.62
LA1954,S. peruvianum,H,35.79,2.42,0.3,2.86,1.9
LA2891,S. chilense,H,22.18,0.73,0.86,0.48,0.63
LA1316,S. chmielewskii,H,30.98,0.63,0.79,2.28,2.3
LA2695,S. chmielewskii,H,32.57,2.72,4.46,4.69,2.68
LA1691,S. habrochaites,H,26.61,2.89,4.58,5.1,3.07
LA2204,S. habrochaites,H,27.77,3.59,5.13,5.6,5.57
LA1305,S. peruvianum,L,23.1,4.79,2.16,1.34,0.64
LA1973,S. peruvianum,L,46.94,16.35,3.07,22.08,8.04
LA2748,S. chilense,L,13.24,7.94,3.78,17.1,9.62
LA2931,S. chilense,L,25.69,1.68,1.12,1.14,1.48
LA1317,S. chmielewskii,L,28.62,4.41,16.46,16.42,6.5
LA361,S. habrochaites,L,30.87,16.77,17.32,11.79,0.44
LA2204,S. habrochaites,L,30.42,8.3,9.87,14.2,7.87
LA2167,S. habrochaites,L,30.93,2.63,1.58,1.6,NA
LA3788,S. pennellii,L,53.42,8.23,5.81,6.78,3.45
LA1336,S. peruvianum,L,43.26,7.39,7.83,9.7,4.31
LA3795,S. peruvianum,L,29.81,6.17,9.44,10.22,6.52
LA2773,S. chilense,L,25.37,1.52,2.53,3.9,3.96
LA1318,S. chmielewskii,L,30.5,7.72,14.7,15.42,5.74
LA1361,S. habrochaites,L,45.89,7.98,19.17,16.08,8.72
LA1954,S. peruvianum,L,27.32,5.17,5.81,8.22,5.17
LA1958,S. chilense,L,35.47,3,2.77,3.7,3
LA3791,S. pennellii,L,36.96,4.14,5.93,7.79,2.14
LA1474,S. peruvianum,L,44.4,3.2,7.87,3.93,6.28
LA1958,S. chilense,L,33.88,5.23,1.15,7.62,8.28
LA1306,S. chmielewskii,L,32.02,2.57,6.14,13.3,10.54
LA2663,S. chmielewskii,L,29.55,3.48,10.62,12.2,6.05
LA1363,S. habrochaites,L,26.08,8.4,13.37,12.42,2.92
LA1474,S. peruvianum,L,39.66,1.47,1.36,7.21,3.67
LA446,S. peruvianum,L,32.44,7.58,9.77,7.54,9
LA1954,S. peruvianum,L,44.97,7.24,6.34,6.51,4.16
LA2891,S. chilense,L,23.83,3.69,1.09,4.6,2.3
LA1316,S. chmielewskii,L,49.87,3.64,1.82,8.04,5.91
LA2695,S. chmielewskii,L,23.1,3.31,4.53,1.5,NA
LA2695,S. chmielewskii,L,33.5,4.47,4.67,3.18,NA
LA2204,S. habrochaites,L,29.03,6.7,8.57,10.62,7.75
LA1361,S. habrochaites,H,29.08,1.32,3.62,5.79,3.46
LA1973,S. peruvianum,H,31.34,3.71,0.42,4.54,0.98
LA2931,S. chilense,H,33.98,0.97,0.32,0.32,0.97
LA1317,S. chmielewskii,H,31.14,1.38,6.53,7.59,3.49
LA361,S. habrochaites,H,28.61,3.19,3.65,3.26,1.95
LA2204,S. habrochaites,H,30.81,6,4.31,7.08,5.42
LA2167,S. habrochaites,H,29.48,2.93,0.64,2.58,1.11
LA3788,S. pennellii,H,18.09,0.57,0.77,0.87,0.91
LA1336,S. peruvianum,H,36.83,2.47,1.6,2.63,1.6
LA2773,S. chilense,H,33.51,0.79,0.84,1.28,1.86
LA2773,S. chilense,H,23.78,0.49,0.69,1.02,1.27
LA1318,S. chmielewskii,H,29.56,1.41,3.35,1.9,1.74
LA1361,S. habrochaites,H,24.77,1.37,0.85,0.39,1.82
LA1958,S. chilense,H,23.06,4.32,1.69,4.31,5.28
LA3791,S. pennellii,H,29.37,0.65,0.66,0.9,0.88
LA1474,S. peruvianum,H,38.33,2.11,0.57,1.67,1.7
LA1958,S. chilense,H,32.08,4.06,1.58,1.87,2.83
LA2884,S. chilense,H,36.49,1.38,0.58,1.42,0.45
LA1306,S. chmielewskii,H,20.12,1.98,0.54,4.07,4.28
LA2663,S. chmielewskii,H,28.23,0.77,3.03,1.61,1.11
LA1363,S. habrochaites,H,25.92,4.67,4.54,3.78,2.85
LA2167,S. habrochaites,H,22.64,2.16,2.42,1.98,1.69
LA446,S. peruvianum,H,22.36,0.62,7.58,0.65,1.54
LA1954,S. peruvianum,H,36.85,3.19,0.52,3.64,3.87
LA1969,S. chilense,H,11.01,0.47,0.57,0.69,0.85
LA2891,S. chilense,H,26.77,2.33,0.58,2.91,3.1
LA1316,S. chmielewskii,H,52.49,2.61,0.79,1.46,0.71
LA2695,S. chmielewskii,H,27.6,1.57,1.58,1.83,0.91
LA2695,S. chmielewskii,H,19.58,2.35,5.54,4.45,1.56
LA2204,S. habrochaites,H,17.74,3.14,0.72,5.77,4.36
LA1361,S. habrochaites,L,29,7.65,5.55,3.31,2.66
LA2931,S. chilense,L,44.08,3.08,5.37,3.95,6.52
LA1317,S. chmielewskii,L,43.82,6.2,7.76,6.19,5.07
LA361,S. habrochaites,L,42.62,12.12,11.64,6.52,7.86
LA2204,S. habrochaites,L,30.63,4.41,5.45,9.72,5.94
LA2167,S. habrochaites,L,40.68,2.83,1.92,2.8,3.45
LA1336,S. peruvianum,L,52.9,10.9,10.79,11.34,12.24
LA3795,S. peruvianum,L,38.49,8.04,15.13,9,NA
LA2773,S. chilense,L,30.37,3.33,1.86,5.64,10.02
LA2773,S. chilense,L,42.26,11.55,1.25,12.66,10.85
LA1318,S. chmielewskii,L,30.68,4.47,8.18,5.63,2.97
LA1361,S. habrochaites,L,41.75,6.27,9.14,12.39,16.92
LA1954,S. peruvianum,L,24.12,8.91,6.65,6.55,3.2
LA1474,S. peruvianum,L,50.91,4.66,7.99,6.57,8.26
LA1958,S. chilense,L,37.94,3.69,2.71,3.74,4.61
LA2884,S. chilense,L,37,4.9,1.81,10.15,9.31
LA1306,S. chmielewskii,L,25.38,2.66,0.77,16.23,10.79
LA2663,S. chmielewskii,L,27.87,3.85,7.01,6.04,6.45
LA1363,S. habrochaites,L,26.21,9.8,12.76,9.97,4.04
LA2167,S. habrochaites,L,28.76,3.4,5.28,10.02,9.55
LA1954,S. peruvianum,L,34.66,9.82,7.97,9.5,6.16
LA1969,S. chilense,L,28.05,0.27,0.38,7.04,5.37
LA2891,S. chilense,L,47,10.5,6.51,10.53,6.02
LA1316,S. chmielewskii,L,38.75,1.96,7.67,8.44,6.08
LA2695,S. chmielewskii,L,32.91,4.75,8.14,5.58,6.25
LA2695,S. chmielewskii,L,30.14,2.98,9.88,8.81,7.41
LA2204,S. habrochaites,L,28.78,2.76,0.68,7.61,5.54
LA1361,S. habrochaites,H,33.81,2.39,2.58,5.12,1.7
LA1305,S. peruvianum,H,22.93,2.81,1.86,4.81,1.52
LA1973,S. peruvianum,H,43.67,6.18,5.11,3.5,0.91
LA1317,S. chmielewskii,H,37.01,2.52,8.64,7.12,2.05
LA361,S. habrochaites,H,30.9,8.01,7.07,5.9,3.95
LA2204,S. habrochaites,H,21.62,6.51,5.46,8.08,11.26
LA2167,S. habrochaites,H,28.09,1.62,5.2,7.4,4.9
LA3788,S. pennellii,H,16.76,1.01,0.58,1.17,1.15
LA1336,S. peruvianum,H,25.41,2.31,3.23,4.43,1.56
LA3795,S. peruvianum,H,18.33,0.21,0.39,0.14,0.17
LA2773,S. chilense,H,34.56,1.54,0.77,1.08,0.82
LA1318,S. chmielewskii,H,25.98,4.56,7.29,8.3,2.47
LA1361,S. habrochaites,H,25.63,7.15,4.67,5.55,3.52
LA1954,S. peruvianum,H,29.19,4.43,0.29,4.15,2.31
LA1958,S. chilense,H,37.1,2.43,0.43,2.23,4.16
LA3791,S. pennellii,H,18.1,0.72,0.89,0.55,0.88
LA1474,S. peruvianum,H,41.81,3.3,7.35,3.64,2.67
LA1958,S. chilense,H,41.3,1.77,1.17,0.67,0.78
LA2884,S. chilense,H,24.42,1.25,0.5,2.73,1.63
LA1306,S. chmielewskii,H,28.81,1.22,3.29,4.4,3.46
LA2663,S. chmielewskii,H,30.72,1.92,5.53,3.29,1.74
LA1363,S. habrochaites,H,27.22,1.65,7.55,4.57,4.12
LA2167,S. habrochaites,H,30.79,1.99,1.81,6.04,3.92
LA1474,S. peruvianum,H,61.35,7.54,3.45,3.77,2.86
LA446,S. peruvianum,H,41.46,3.49,0.65,4.77,5.48
LA1954,S. peruvianum,H,33.9,3.19,2.67,4.98,2.92
LA1969,S. chilense,H,25.3,0.52,0.73,0.86,0.52
LA2891,S. chilense,H,31.71,0.79,1.25,1.7,0.65
LA1316,S. chmielewskii,H,28.46,1.5,2.09,2.37,1.67
LA2695,S. chmielewskii,H,23.77,1.92,5.77,4.13,2.56
LA2695,S. chmielewskii,H,28.36,1.7,5.44,6.07,2.05
LA2204,S. habrochaites,H,31.44,4,4.06,5.57,3.35
LA1973,S. peruvianum,L,40.54,19.18,6.78,16.83,7.56
LA1317,S. chmielewskii,L,36.76,9.13,9.08,15.69,17.58
LA361,S. habrochaites,L,35.34,10.79,9.35,13.24,10.69
LA2204,S. habrochaites,L,34.64,5.5,9.83,12.8,8.07
LA2167,S. habrochaites,L,23.24,3.98,10.86,10.97,14.24
LA3788,S. pennellii,L,29.51,9.28,15.32,12.54,10.16
LA1336,S. peruvianum,L,48.81,8.29,4.95,6.37,2.85
LA3795,S. peruvianum,L,34.71,10.68,6.1,12.76,6.26
LA3788,S. pennellii,L,26.45,8.25,8.94,3.19,NA
LA1318,S. chmielewskii,L,28.62,5.42,6.76,9.31,3.32
LA1361,S. habrochaites,L,38.55,4.47,5.41,12.02,11.11
LA1912,S. pennellii,H,40.1,3.25,0.88,5.03,3.06
LA1912,S. pennellii,L,36.02,4.12,3.29,6.81,3.27
LA1969,S. chilense,L,20.33,3.51,0.51,22.94,14.1
LA3791,S. pennellii,L,26.03,4.7,3.15,13.28,5.72
LA1474,S. peruvianum,L,28.52,14.58,12.59,8.48,9.51
LA1958,S. chilense,L,39.3,12.29,2,18.51,8.6
LA2884,S. chilense,L,26.26,6.74,2.23,11.72,11.18
LA1306,S. chmielewskii,L,25.15,3.39,0.78,14.59,14.32
LA2663,S. chmielewskii,L,28.2,1.3,2.07,3.57,0.89
LA1363,S. habrochaites,L,28.69,3.52,8.2,6.87,3.83
LA2167,S. habrochaites,L,24.9,1.94,4.32,6.53,6.02
LA1474,S. peruvianum,L,51.24,3.7,7.86,2.14,3.76
LA1954,S. peruvianum,L,46.28,10.36,9.16,11.06,10.37
LA2891,S. chilense,L,32.01,2.59,0.36,3.63,3.91
LA1316,S. chmielewskii,L,28.42,0.68,2.04,1.1,NA
LA2695,S. chmielewskii,L,35.96,3.4,8.78,4.2,NA
LA2695,S. chmielewskii,L,26.15,3.6,9.27,8.82,3.98
LA1361,S. habrochaites,H,16.9,0.8,2.89,6.77,4.59
LA1973,S. peruvianum,H,20.73,1.09,0.82,0.65,NA
LA2931,S. chilense,H,27.43,2.16,8.53,8.7,4.08
LA2204,S. habrochaites,H,28.44,5.94,0.77,8.92,7.7
LA2167,S. habrochaites,H,30,1.71,3,4.16,4.46
LA3788,S. pennellii,H,19.7,0.62,0.74,0.9,0.43
LA1336,S. peruvianum,H,35.19,3.43,2.64,5.93,5.27
LA3795,S. peruvianum,H,26.17,2.06,1.99,0.87,5.65
LA2773,S. chilense,H,13.02,1.5,1.13,2.79,2.78
LA3788,S. pennellii,H,23.39,5.47,7.44,9.95,4.74
LA1361,S. habrochaites,H,26.34,1.75,2.46,5.42,3.88
LA1969,S. chilense,H,26.36,0.16,0.61,0.3,0.13
LA1474,S. peruvianum,H,34.95,2.87,2.58,5.27,4.28
LA2884,S. chilense,H,26.32,1.35,0.44,3.46,2.11
LA1306,S. chmielewskii,H,27.06,1.86,5.96,4.97,3
LA2663,S. chmielewskii,H,26.03,1.42,4.27,5.35,3.97
LA1363,S. habrochaites,H,30.61,3.87,4.44,4.49,2.9
LA2167,S. habrochaites,H,25.04,4.3,2.16,2.18,NA
LA1474,S. peruvianum,H,29.38,0.12,0.44,0.44,0.21
LA1969,S. chilense,H,37,1.01,0.72,0.7,1.2
LA1316,S. chmielewskii,H,26.59,2,5.17,6.06,3.01
LA2695,S. chmielewskii,H,32.11,1.26,2.29,3.69,4.55
LA2695,S. chmielewskii,H,29,3.06,7.37,6.14,4.12
LA2204,S. habrochaites,H,27.62,2.03,4.99,3.75,NA
